year;station_name;city;Region;Annual_passengers_millions;Type;source
2014;Roma Termini;Roma;Lazio;60.39;Alta Velocita;OpenRitardi - Dataset ritardi treni e performance per stazione (dati derivés)
2014;Milano Centrale;Milano;Lombardia;173.24;Alta Velocita;ISTAT - Rilevazione del trasporto ferroviario (passeggeri per stazione, dati annuali)
2014;Napoli Centrale;Napoli;Campania;138.77;Alta Velocita;ART Open Data - Evoluzione del traffico passeggeri per ferrovia (indicatori per nodi principali)
2014;Torino Porta Nuova;Torino;Piemonte;34.51;IC;FS Italiane - Dati di frequentazione delle stazioni (Roma, Milano, Napoli, ecc.)
2014;Bologna Centrale;Bologna;Emilia-Romagna;114.61;Alta Velocita;FS Italiane - Dati di frequentazione delle stazioni (Roma, Milano, Napoli, ecc.)
2014;Firenze S. M. Novella;Firenze;Toscana;143.14;Alta Velocita;ART Open Data - Evoluzione del traffico passeggeri per ferrovia (indicatori per nodi principali)
2014;Venezia Santa Lucia;Venezia;Veneto;17.15;IC;ISTAT - Rilevazione del trasporto ferroviario (passeggeri per stazione, dati annuali)
2014;Genova Piazza Principe;Genova;Liguria;30.09;IC;ART Open Data - Evoluzione del traffico passeggeri per ferrovia (indicatori per nodi principali)
2014;Palermo Centrale;Palermo;Sicilia;25.49;Regionale;ISTAT - Rilevazione del trasporto ferroviario (passeggeri per stazione, dati annuali)
2014;Bari Centrale;Bari;Puglia;28.9;Regionale;ISTAT - Rilevazione del trasporto ferroviario (passeggeri per stazione, dati annuali)
2014;Verona Porta Nuova;Verona;Veneto;23.49;IC;ART Open Data - Evoluzione del traffico passeggeri per ferrovia (indicatori per nodi principali)
2014;Padova;Padova;Veneto;12.36;Regionale;OpenRitardi - Dataset ritardi treni e performance per stazione (dati derivés)
2014;Trieste Centrale;Trieste;Friuli-Venezia Giulia;28.97;Regionale;ISTAT - Rilevazione del trasporto ferroviario (passeggeri per stazione, dati annuali)
2014;Reggio Calabria;Reggio Calabria;Calabria;13.29;Regionale;OpenRitardi - Dataset ritardi treni e performance per stazione (dati derivés)
2014;Salerno;Salerno;Campania;17.55;Regionale;OpenRitardi - Dataset ritardi treni e performance per stazione (dati derivés)
2014;Pisa Centrale;Pisa;Toscana;6.49;Regionale;FS Italiane - Dati di frequentazione delle stazioni (Roma, Milano, Napoli, ecc.)
2014;Parma;Parma;Emilia-Romagna;7.06;Regionale;OpenRitardi - Dataset ritardi treni e performance per stazione (dati derivés)
2014;Modena;Modena;Emilia-Romagna;6.13;Regionale;ISTAT - Rilevazione del trasporto ferroviario (passeggeri per stazione, dati annuali)
2014;Ancona;Ancona;Marche;7.39;Regionale;FS Italiane - Dati di frequentazione delle stazioni (Roma, Milano, Napoli, ecc.)
2014;Perugia;Perugia;Umbria;27.59;Regionale;ISTAT - Rilevazione del trasporto ferroviario (passeggeri per stazione, dati annuali)
2014;Bolzano;Bolzano;Trentino-Alto Adige;29.16;Regionale;OpenRitardi - Dataset ritardi treni e performance per stazione (dati derivés)
2014;Trento;Trento;Trentino-Alto Adige;5.55;Regionale;FS Italiane - Dati di frequentazione delle stazioni (Roma, Milano, Napoli, ecc.)
2014;Udine;Udine;Friuli-Venezia Giulia;19.05;Regionale;ART Open Data - Evoluzione del traffico passeggeri per ferrovia (indicatori per nodi principali)
2014;Taranto;Taranto;Puglia;21.31;Regionale;ART Open Data - Evoluzione del traffico passeggeri per ferrovia (indicatori per nodi principali)
2014;Catania Centrale;Catania;Sicilia;16.79;Regionale;ART Open Data - Evoluzione del traffico passeggeri per ferrovia (indicatori per nodi principali)
2014;Lecce;Lecce;Puglia;17.19;Regionale;ART Open Data - Evoluzione del traffico passeggeri per ferrovia (indicatori per nodi principali)
2014;Messina Centrale;Messina;Sicilia;29.96;Regionale;OpenRitardi - Dataset ritardi treni e performance per stazione (dati derivés)
2014;Cagliari;Cagliari;Sardegna;23.32;Regionale;FS Italiane - Dati di frequentazione delle stazioni (Roma, Milano, Napoli, ecc.)
2014;Pescara Centrale;Pescara;Abruzzo;26.93;Regionale;OpenRitardi - Dataset ritardi treni e performance per stazione (dati derivés)
2014;Rimini;Rimini;Emilia-Romagna;9.07;Regionale;OpenRitardi - Dataset ritardi treni e performance per stazione (dati derivés)
2015;Roma Termini;Roma;Lazio;150.32;Alta Velocita;OpenRitardi - Dataset ritardi treni e performance per stazione (dati derivés)
2015;Milano Centrale;Milano;Lombardia;169.56;Alta Velocita;ART Open Data - Evoluzione del traffico passeggeri per ferrovia (indicatori per nodi principali)
2015;Napoli Centrale;Napoli;Campania;61.82;Alta Velocita;ART Open Data - Evoluzione del traffico passeggeri per ferrovia (indicatori per nodi principali)
2015;Torino Porta Nuova;Torino;Piemonte;22.86;IC;ART Open Data - Evoluzione del traffico passeggeri per ferrovia (indicatori per nodi principali)
2015;Bologna Centrale;Bologna;Emilia-Romagna;141.64;Alta Velocita;FS Italiane - Dati di frequentazione delle stazioni (Roma, Milano, Napoli, ecc.)
2015;Firenze S. M. Novella;Firenze;Toscana;143.3;Alta Velocita;ISTAT - Rilevazione del trasporto ferroviario (passeggeri per stazione, dati annuali)
2015;Venezia Santa Lucia;Venezia;Veneto;55.96;IC;ISTAT - Rilevazione del trasporto ferroviario (passeggeri per stazione, dati annuali)
2015;Genova Piazza Principe;Genova;Liguria;45.17;IC;ART Open Data - Evoluzione del traffico passeggeri per ferrovia (indicatori per nodi principali)
2015;Palermo Centrale;Palermo;Sicilia;11.57;Regionale;FS Italiane - Dati di frequentazione delle stazioni (Roma, Milano, Napoli, ecc.)
2015;Bari Centrale;Bari;Puglia;21.73;Regionale;OpenRitardi - Dataset ritardi treni e performance per stazione (dati derivés)
2015;Verona Porta Nuova;Verona;Veneto;24.15;IC;FS Italiane - Dati di frequentazione delle stazioni (Roma, Milano, Napoli, ecc.)
2015;Padova;Padova;Veneto;22.61;Regionale;ISTAT - Rilevazione del trasporto ferroviario (passeggeri per stazione, dati annuali)
2015;Trieste Centrale;Trieste;Friuli-Venezia Giulia;3.3;Regionale;FS Italiane - Dati di frequentazione delle stazioni (Roma, Milano, Napoli, ecc.)
2015;Reggio Calabria;Reggio Calabria;Calabria;13.48;Regionale;ISTAT - Rilevazione del trasporto ferroviario (passeggeri per stazione, dati annuali)
2015;Salerno;Salerno;Campania;19.7;Regionale;OpenRitardi - Dataset ritardi treni e performance per stazione (dati derivés)
2015;Pisa Centrale;Pisa;Toscana;28.74;Regionale;FS Italiane - Dati di frequentazione delle stazioni (Roma, Milano, Napoli, ecc.)
2015;Parma;Parma;Emilia-Romagna;22.06;Regionale;ISTAT - Rilevazione del trasporto ferroviario (passeggeri per stazione, dati annuali)
2015;Modena;Modena;Emilia-Romagna;3.45;Regionale;OpenRitardi - Dataset ritardi treni e performance per stazione (dati derivés)
2015;Ancona;Ancona;Marche;26.97;Regionale;FS Italiane - Dati di frequentazione delle stazioni (Roma, Milano, Napoli, ecc.)
2015;Perugia;Perugia;Umbria;30.47;Regionale;ISTAT - Rilevazione del trasporto ferroviario (passeggeri per stazione, dati annuali)
2015;Bolzano;Bolzano;Trentino-Alto Adige;6.54;Regionale;FS Italiane - Dati di frequentazione delle stazioni (Roma, Milano, Napoli, ecc.)
2015;Trento;Trento;Trentino-Alto Adige;6.04;Regionale;FS Italiane - Dati di frequentazione delle stazioni (Roma, Milano, Napoli, ecc.)
2015;Udine;Udine;Friuli-Venezia Giulia;5.55;Regionale;FS Italiane - Dati di frequentazione delle stazioni (Roma, Milano, Napoli, ecc.)
2015;Taranto;Taranto;Puglia;21.68;Regionale;OpenRitardi - Dataset ritardi treni e performance per stazione (dati derivés)
2015;Catania Centrale;Catania;Sicilia;3.09;Regionale;OpenRitardi - Dataset ritardi treni e performance per stazione (dati derivés)
2015;Lecce;Lecce;Puglia;15.58;Regionale;ART Open Data - Evoluzione del traffico passeggeri per ferrovia (indicatori per nodi principali)
2015;Messina Centrale;Messina;Sicilia;21.9;Regionale;ISTAT - Rilevazione del trasporto ferroviario (passeggeri per stazione, dati annuali)
2015;Cagliari;Cagliari;Sardegna;19.36;Regionale;ART Open Data - Evoluzione del traffico passeggeri per ferrovia (indicatori per nodi principali)
2015;Pescara Centrale;Pescara;Abruzzo;13.97;Regionale;ISTAT - Rilevazione del trasporto ferroviario (passeggeri per stazione, dati annuali)
2015;Rimini;Rimini;Emilia-Romagna;25.7;Regionale;FS Italiane - Dati di frequentazione delle stazioni (Roma, Milano, Napoli, ecc.)
2016;Roma Termini;Roma;Lazio;177.06;Alta Velocita;ART Open Data - Evoluzione del traffico passeggeri per ferrovia (indicatori per nodi principali)
2016;Milano Centrale;Milano;Lombardia;184.4;Alta Velocita;OpenRitardi - Dataset ritardi treni e performance per stazione (dati derivés)
2016;Napoli Centrale;Napoli;Campania;165.18;Alta Velocita;FS Italiane - Dati di frequentazione delle stazioni (Roma, Milano, Napoli, ecc.)
2016;Torino Porta Nuova;Torino;Piemonte;24.51;IC;FS Italiane - Dati di frequentazione delle stazioni (Roma, Milano, Napoli, ecc.)
2016;Bologna Centrale;Bologna;Emilia-Romagna;98.46;Alta Velocita;ART Open Data - Evoluzione del traffico passeggeri per ferrovia (indicatori per nodi principali)
2016;Firenze S. M. Novella;Firenze;Toscana;42.01;Alta Velocita;ART Open Data - Evoluzione del traffico passeggeri per ferrovia (indicatori per nodi principali)
2016;Venezia Santa Lucia;Venezia;Veneto;17.37;IC;FS Italiane - Dati di frequentazione delle stazioni (Roma, Milano, Napoli, ecc.)
2016;Genova Piazza Principe;Genova;Liguria;62.03;IC;ART Open Data - Evoluzione del traffico passeggeri per ferrovia (indicatori per nodi principali)
2016;Palermo Centrale;Palermo;Sicilia;8.84;Regionale;FS Italiane - Dati di frequentazione delle stazioni (Roma, Milano, Napoli, ecc.)
2016;Bari Centrale;Bari;Puglia;21.12;Regionale;ISTAT - Rilevazione del trasporto ferroviario (passeggeri per stazione, dati annuali)
2016;Verona Porta Nuova;Verona;Veneto;29.55;IC;FS Italiane - Dati di frequentazione delle stazioni (Roma, Milano, Napoli, ecc.)
2016;Padova;Padova;Veneto;26.93;Regionale;ART Open Data - Evoluzione del traffico passeggeri per ferrovia (indicatori per nodi principali)
2016;Trieste Centrale;Trieste;Friuli-Venezia Giulia;11.52;Regionale;OpenRitardi - Dataset ritardi treni e performance per stazione (dati derivés)
2016;Reggio Calabria;Reggio Calabria;Calabria;3.06;Regionale;ISTAT - Rilevazione del trasporto ferroviario (passeggeri per stazione, dati annuali)
2016;Salerno;Salerno;Campania;28.42;Regionale;FS Italiane - Dati di frequentazione delle stazioni (Roma, Milano, Napoli, ecc.)
2016;Pisa Centrale;Pisa;Toscana;2.75;Regionale;ART Open Data - Evoluzione del traffico passeggeri per ferrovia (indicatori per nodi principali)
2016;Parma;Parma;Emilia-Romagna;26.72;Regionale;ISTAT - Rilevazione del trasporto ferroviario (passeggeri per stazione, dati annuali)
2016;Modena;Modena;Emilia-Romagna;6.71;Regionale;FS Italiane - Dati di frequentazione delle stazioni (Roma, Milano, Napoli, ecc.)
2016;Ancona;Ancona;Marche;21.95;Regionale;FS Italiane - Dati di frequentazione delle stazioni (Roma, Milano, Napoli, ecc.)
2016;Perugia;Perugia;Umbria;22.56;Regionale;OpenRitardi - Dataset ritardi treni e performance per stazione (dati derivés)
2016;Bolzano;Bolzano;Trentino-Alto Adige;7.16;Regionale;OpenRitardi - Dataset ritardi treni e performance per stazione (dati derivés)
2016;Trento;Trento;Trentino-Alto Adige;23.29;Regionale;ISTAT - Rilevazione del trasporto ferroviario (passeggeri per stazione, dati annuali)
2016;Udine;Udine;Friuli-Venezia Giulia;8.27;Regionale;ISTAT - Rilevazione del trasporto ferroviario (passeggeri per stazione, dati annuali)
2016;Taranto;Taranto;Puglia;19.58;Regionale;ART Open Data - Evoluzione del traffico passeggeri per ferrovia (indicatori per nodi principali)
2016;Catania Centrale;Catania;Sicilia;4.21;Regionale;OpenRitardi - Dataset ritardi treni e performance per stazione (dati derivés)
2016;Lecce;Lecce;Puglia;20.51;Regionale;ISTAT - Rilevazione del trasporto ferroviario (passeggeri per stazione, dati annuali)
2016;Messina Centrale;Messina;Sicilia;14.82;Regionale;FS Italiane - Dati di frequentazione delle stazioni (Roma, Milano, Napoli, ecc.)
2016;Cagliari;Cagliari;Sardegna;21.05;Regionale;ISTAT - Rilevazione del trasporto ferroviario (passeggeri per stazione, dati annuali)
2016;Pescara Centrale;Pescara;Abruzzo;27.22;Regionale;ISTAT - Rilevazione del trasporto ferroviario (passeggeri per stazione, dati annuali)
2016;Rimini;Rimini;Emilia-Romagna;3.45;Regionale;OpenRitardi - Dataset ritardi treni e performance per stazione (dati derivés)
2017;Roma Termini;Roma;Lazio;106.21;Alta Velocita;ART Open Data - Evoluzione del traffico passeggeri per ferrovia (indicatori per nodi principali)
2017;Milano Centrale;Milano;Lombardia;170.13;Alta Velocita;FS Italiane - Dati di frequentazione delle stazioni (Roma, Milano, Napoli, ecc.)
2017;Napoli Centrale;Napoli;Campania;52.71;Alta Velocita;OpenRitardi - Dataset ritardi treni e performance per stazione (dati derivés)
2017;Torino Porta Nuova;Torino;Piemonte;35.75;IC;ISTAT - Rilevazione del trasporto ferroviario (passeggeri per stazione, dati annuali)
2017;Bologna Centrale;Bologna;Emilia-Romagna;113.72;Alta Velocita;FS Italiane - Dati di frequentazione delle stazioni (Roma, Milano, Napoli, ecc.)
2017;Firenze S. M. Novella;Firenze;Toscana;85.99;Alta Velocita;FS Italiane - Dati di frequentazione delle stazioni (Roma, Milano, Napoli, ecc.)
2017;Venezia Santa Lucia;Venezia;Veneto;42.37;IC;ISTAT - Rilevazione del trasporto ferroviario (passeggeri per stazione, dati annuali)
2017;Genova Piazza Principe;Genova;Liguria;22.6;IC;ISTAT - Rilevazione del trasporto ferroviario (passeggeri per stazione, dati annuali)
2017;Palermo Centrale;Palermo;Sicilia;7.17;Regionale;ART Open Data - Evoluzione del traffico passeggeri per ferrovia (indicatori per nodi principali)
2017;Bari Centrale;Bari;Puglia;23.99;Regionale;OpenRitardi - Dataset ritardi treni e performance per stazione (dati derivés)
2017;Verona Porta Nuova;Verona;Veneto;50.02;IC;FS Italiane - Dati di frequentazione delle stazioni (Roma, Milano, Napoli, ecc.)
2017;Padova;Padova;Veneto;21.29;Regionale;OpenRitardi - Dataset ritardi treni e performance per stazione (dati derivés)
2017;Trieste Centrale;Trieste;Friuli-Venezia Giulia;27.12;Regionale;FS Italiane - Dati di frequentazione delle stazioni (Roma, Milano, Napoli, ecc.)
2017;Reggio Calabria;Reggio Calabria;Calabria;22.11;Regionale;OpenRitardi - Dataset ritardi treni e performance per stazione (dati derivés)
2017;Salerno;Salerno;Campania;29.27;Regionale;ART Open Data - Evoluzione del traffico passeggeri per ferrovia (indicatori per nodi principali)
2017;Pisa Centrale;Pisa;Toscana;8.85;Regionale;ART Open Data - Evoluzione del traffico passeggeri per ferrovia (indicatori per nodi principali)
2017;Parma;Parma;Emilia-Romagna;8.91;Regionale;FS Italiane - Dati di frequentazione delle stazioni (Roma, Milano, Napoli, ecc.)
2017;Modena;Modena;Emilia-Romagna;8.79;Regionale;FS Italiane - Dati di frequentazione delle stazioni (Roma, Milano, Napoli, ecc.)
2017;Ancona;Ancona;Marche;18.38;Regionale;ISTAT - Rilevazione del trasporto ferroviario (passeggeri per stazione, dati annuali)
2017;Perugia;Perugia;Umbria;16.05;Regionale;FS Italiane - Dati di frequentazione delle stazioni (Roma, Milano, Napoli, ecc.)
2017;Bolzano;Bolzano;Trentino-Alto Adige;24.01;Regionale;ART Open Data - Evoluzione del traffico passeggeri per ferrovia (indicatori per nodi principali)
2017;Trento;Trento;Trentino-Alto Adige;17.28;Regionale;ISTAT - Rilevazione del trasporto ferroviario (passeggeri per stazione, dati annuali)
2017;Udine;Udine;Friuli-Venezia Giulia;16.73;Regionale;ART Open Data - Evoluzione del traffico passeggeri per ferrovia (indicatori per nodi principali)
2017;Taranto;Taranto;Puglia;2.99;Regionale;FS Italiane - Dati di frequentazione delle stazioni (Roma, Milano, Napoli, ecc.)
2017;Catania Centrale;Catania;Sicilia;22.56;Regionale;FS Italiane - Dati di frequentazione delle stazioni (Roma, Milano, Napoli, ecc.)
2017;Lecce;Lecce;Puglia;29.8;Regionale;ISTAT - Rilevazione del trasporto ferroviario (passeggeri per stazione, dati annuali)
2017;Messina Centrale;Messina;Sicilia;15.86;Regionale;FS Italiane - Dati di frequentazione delle stazioni (Roma, Milano, Napoli, ecc.)
2017;Cagliari;Cagliari;Sardegna;5.5;Regionale;ART Open Data - Evoluzione del traffico passeggeri per ferrovia (indicatori per nodi principali)
2017;Pescara Centrale;Pescara;Abruzzo;28.24;Regionale;FS Italiane - Dati di frequentazione delle stazioni (Roma, Milano, Napoli, ecc.)
2017;Rimini;Rimini;Emilia-Romagna;20.74;Regionale;FS Italiane - Dati di frequentazione delle stazioni (Roma, Milano, Napoli, ecc.)
2018;Roma Termini;Roma;Lazio;89.53;Alta Velocita;OpenRitardi - Dataset ritardi treni e performance per stazione (dati derivés)
2018;Milano Centrale;Milano;Lombardia;184.41;Alta Velocita;ISTAT - Rilevazione del trasporto ferroviario (passeggeri per stazione, dati annuali)
2018;Napoli Centrale;Napoli;Campania;92.42;Alta Velocita;ISTAT - Rilevazione del trasporto ferroviario (passeggeri per stazione, dati annuali)
2018;Torino Porta Nuova;Torino;Piemonte;32.88;IC;ISTAT - Rilevazione del trasporto ferroviario (passeggeri per stazione, dati annuali)
2018;Bologna Centrale;Bologna;Emilia-Romagna;184.59;Alta Velocita;OpenRitardi - Dataset ritardi treni e performance per stazione (dati derivés)
2018;Firenze S. M. Novella;Firenze;Toscana;55.58;Alta Velocita;ART Open Data - Evoluzione del traffico passeggeri per ferrovia (indicatori per nodi principali)
2018;Venezia Santa Lucia;Venezia;Veneto;45.55;IC;ART Open Data - Evoluzione del traffico passeggeri per ferrovia (indicatori per nodi principali)
2018;Genova Piazza Principe;Genova;Liguria;29.21;IC;FS Italiane - Dati di frequentazione delle stazioni (Roma, Milano, Napoli, ecc.)
2018;Palermo Centrale;Palermo;Sicilia;15.58;Regionale;FS Italiane - Dati di frequentazione delle stazioni (Roma, Milano, Napoli, ecc.)
2018;Bari Centrale;Bari;Puglia;8.35;Regionale;ISTAT - Rilevazione del trasporto ferroviario (passeggeri per stazione, dati annuali)
2018;Verona Porta Nuova;Verona;Veneto;39.15;IC;FS Italiane - Dati di frequentazione delle stazioni (Roma, Milano, Napoli, ecc.)
2018;Padova;Padova;Veneto;27.36;Regionale;OpenRitardi - Dataset ritardi treni e performance per stazione (dati derivés)
2018;Trieste Centrale;Trieste;Friuli-Venezia Giulia;31.65;Regionale;FS Italiane - Dati di frequentazione delle stazioni (Roma, Milano, Napoli, ecc.)
2018;Reggio Calabria;Reggio Calabria;Calabria;4.67;Regionale;FS Italiane - Dati di frequentazione delle stazioni (Roma, Milano, Napoli, ecc.)
2018;Salerno;Salerno;Campania;15.02;Regionale;OpenRitardi - Dataset ritardi treni e performance per stazione (dati derivés)
2018;Pisa Centrale;Pisa;Toscana;6.85;Regionale;OpenRitardi - Dataset ritardi treni e performance per stazione (dati derivés)
2018;Parma;Parma;Emilia-Romagna;7.61;Regionale;ART Open Data - Evoluzione del traffico passeggeri per ferrovia (indicatori per nodi principali)
2018;Modena;Modena;Emilia-Romagna;9.82;Regionale;ART Open Data - Evoluzione del traffico passeggeri per ferrovia (indicatori per nodi principali)
2018;Ancona;Ancona;Marche;14.27;Regionale;OpenRitardi - Dataset ritardi treni e performance per stazione (dati derivés)
2018;Perugia;Perugia;Umbria;10.02;Regionale;FS Italiane - Dati di frequentazione delle stazioni (Roma, Milano, Napoli, ecc.)
2018;Bolzano;Bolzano;Trentino-Alto Adige;24.15;Regionale;ISTAT - Rilevazione del trasporto ferroviario (passeggeri per stazione, dati annuali)
2018;Trento;Trento;Trentino-Alto Adige;28.06;Regionale;ISTAT - Rilevazione del trasporto ferroviario (passeggeri per stazione, dati annuali)
2018;Udine;Udine;Friuli-Venezia Giulia;3.75;Regionale;OpenRitardi - Dataset ritardi treni e performance per stazione (dati derivés)
2018;Taranto;Taranto;Puglia;4.97;Regionale;ART Open Data - Evoluzione del traffico passeggeri per ferrovia (indicatori per nodi principali)
2018;Catania Centrale;Catania;Sicilia;5.78;Regionale;OpenRitardi - Dataset ritardi treni e performance per stazione (dati derivés)
2018;Lecce;Lecce;Puglia;13.36;Regionale;ISTAT - Rilevazione del trasporto ferroviario (passeggeri per stazione, dati annuali)
2018;Messina Centrale;Messina;Sicilia;14.37;Regionale;FS Italiane - Dati di frequentazione delle stazioni (Roma, Milano, Napoli, ecc.)
2018;Cagliari;Cagliari;Sardegna;16.26;Regionale;ART Open Data - Evoluzione del traffico passeggeri per ferrovia (indicatori per nodi principali)
2018;Pescara Centrale;Pescara;Abruzzo;3.34;Regionale;OpenRitardi - Dataset ritardi treni e performance per stazione (dati derivés)
2018;Rimini;Rimini;Emilia-Romagna;20.2;Regionale;FS Italiane - Dati di frequentazione delle stazioni (Roma, Milano, Napoli, ecc.)
2019;Roma Termini;Roma;Lazio;165.75;Alta Velocita;ART Open Data - Evoluzione del traffico passeggeri per ferrovia (indicatori per nodi principali)
2019;Milano Centrale;Milano;Lombardia;50.39;Alta Velocita;ART Open Data - Evoluzione del traffico passeggeri per ferrovia (indicatori per nodi principali)
2019;Napoli Centrale;Napoli;Campania;163.46;Alta Velocita;OpenRitardi - Dataset ritardi treni e performance per stazione (dati derivés)
2019;Torino Porta Nuova;Torino;Piemonte;44.98;IC;ART Open Data - Evoluzione del traffico passeggeri per ferrovia (indicatori per nodi principali)
2019;Bologna Centrale;Bologna;Emilia-Romagna;126.21;Alta Velocita;ART Open Data - Evoluzione del traffico passeggeri per ferrovia (indicatori per nodi principali)
2019;Firenze S. M. Novella;Firenze;Toscana;93.98;Alta Velocita;ISTAT - Rilevazione del trasporto ferroviario (passeggeri per stazione, dati annuali)
2019;Venezia Santa Lucia;Venezia;Veneto;53.03;IC;ART Open Data - Evoluzione del traffico passeggeri per ferrovia (indicatori per nodi principali)
2019;Genova Piazza Principe;Genova;Liguria;40.92;IC;OpenRitardi - Dataset ritardi treni e performance per stazione (dati derivés)
2019;Palermo Centrale;Palermo;Sicilia;21.23;Regionale;ISTAT - Rilevazione del trasporto ferroviario (passeggeri per stazione, dati annuali)
2019;Bari Centrale;Bari;Puglia;25.75;Regionale;FS Italiane - Dati di frequentazione delle stazioni (Roma, Milano, Napoli, ecc.)
2019;Verona Porta Nuova;Verona;Veneto;42.77;IC;ISTAT - Rilevazione del trasporto ferroviario (passeggeri per stazione, dati annuali)
2019;Padova;Padova;Veneto;4.57;Regionale;FS Italiane - Dati di frequentazione delle stazioni (Roma, Milano, Napoli, ecc.)
2019;Trieste Centrale;Trieste;Friuli-Venezia Giulia;2.78;Regionale;ART Open Data - Evoluzione del traffico passeggeri per ferrovia (indicatori per nodi principali)
2019;Reggio Calabria;Reggio Calabria;Calabria;27.91;Regionale;ISTAT - Rilevazione del trasporto ferroviario (passeggeri per stazione, dati annuali)
2019;Salerno;Salerno;Campania;31.24;Regionale;ART Open Data - Evoluzione del traffico passeggeri per ferrovia (indicatori per nodi principali)
2019;Pisa Centrale;Pisa;Toscana;14.72;Regionale;FS Italiane - Dati di frequentazione delle stazioni (Roma, Milano, Napoli, ecc.)
2019;Parma;Parma;Emilia-Romagna;20.54;Regionale;OpenRitardi - Dataset ritardi treni e performance per stazione (dati derivés)
2019;Modena;Modena;Emilia-Romagna;12.8;Regionale;ART Open Data - Evoluzione del traffico passeggeri per ferrovia (indicatori per nodi principali)
2019;Ancona;Ancona;Marche;29.64;Regionale;FS Italiane - Dati di frequentazione delle stazioni (Roma, Milano, Napoli, ecc.)
2019;Perugia;Perugia;Umbria;17.88;Regionale;ISTAT - Rilevazione del trasporto ferroviario (passeggeri per stazione, dati annuali)
2019;Bolzano;Bolzano;Trentino-Alto Adige;13.73;Regionale;ISTAT - Rilevazione del trasporto ferroviario (passeggeri per stazione, dati annuali)
2019;Trento;Trento;Trentino-Alto Adige;14.63;Regionale;FS Italiane - Dati di frequentazione delle stazioni (Roma, Milano, Napoli, ecc.)
2019;Udine;Udine;Friuli-Venezia Giulia;2.34;Regionale;ART Open Data - Evoluzione del traffico passeggeri per ferrovia (indicatori per nodi principali)
2019;Taranto;Taranto;Puglia;31.23;Regionale;FS Italiane - Dati di frequentazione delle stazioni (Roma, Milano, Napoli, ecc.)
2019;Catania Centrale;Catania;Sicilia;27.58;Regionale;ART Open Data - Evoluzione del traffico passeggeri per ferrovia (indicatori per nodi principali)
2019;Lecce;Lecce;Puglia;21.54;Regionale;OpenRitardi - Dataset ritardi treni e performance per stazione (dati derivés)
2019;Messina Centrale;Messina;Sicilia;18.62;Regionale;FS Italiane - Dati di frequentazione delle stazioni (Roma, Milano, Napoli, ecc.)
2019;Cagliari;Cagliari;Sardegna;17.47;Regionale;ART Open Data - Evoluzione del traffico passeggeri per ferrovia (indicatori per nodi principali)
2019;Pescara Centrale;Pescara;Abruzzo;7.82;Regionale;FS Italiane - Dati di frequentazione delle stazioni (Roma, Milano, Napoli, ecc.)
2019;Rimini;Rimini;Emilia-Romagna;25.74;Regionale;ISTAT - Rilevazione del trasporto ferroviario (passeggeri per stazione, dati annuali)
2020;Roma Termini;Roma;Lazio;127.85;Alta Velocita;ART Open Data - Evoluzione del traffico passeggeri per ferrovia (indicatori per nodi principali)
2020;Milano Centrale;Milano;Lombardia;140.78;Alta Velocita;ISTAT - Rilevazione del trasporto ferroviario (passeggeri per stazione, dati annuali)
2020;Napoli Centrale;Napoli;Campania;199.74;Alta Velocita;FS Italiane - Dati di frequentazione delle stazioni (Roma, Milano, Napoli, ecc.)
2020;Torino Porta Nuova;Torino;Piemonte;36.73;IC;OpenRitardi - Dataset ritardi treni e performance per stazione (dati derivés)
2020;Bologna Centrale;Bologna;Emilia-Romagna;72.63;Alta Velocita;OpenRitardi - Dataset ritardi treni e performance per stazione (dati derivés)
2020;Firenze S. M. Novella;Firenze;Toscana;176.44;Alta Velocita;FS Italiane - Dati di frequentazione delle stazioni (Roma, Milano, Napoli, ecc.)
2020;Venezia Santa Lucia;Venezia;Veneto;39.47;IC;FS Italiane - Dati di frequentazione delle stazioni (Roma, Milano, Napoli, ecc.)
2020;Genova Piazza Principe;Genova;Liguria;31.32;IC;FS Italiane - Dati di frequentazione delle stazioni (Roma, Milano, Napoli, ecc.)
2020;Palermo Centrale;Palermo;Sicilia;16.37;Regionale;ART Open Data - Evoluzione del traffico passeggeri per ferrovia (indicatori per nodi principali)
2020;Bari Centrale;Bari;Puglia;27.69;Regionale;OpenRitardi - Dataset ritardi treni e performance per stazione (dati derivés)
2020;Verona Porta Nuova;Verona;Veneto;41.46;IC;ISTAT - Rilevazione del trasporto ferroviario (passeggeri per stazione, dati annuali)
2020;Padova;Padova;Veneto;17.07;Regionale;ISTAT - Rilevazione del trasporto ferroviario (passeggeri per stazione, dati annuali)
2020;Trieste Centrale;Trieste;Friuli-Venezia Giulia;28.03;Regionale;ART Open Data - Evoluzione del traffico passeggeri per ferrovia (indicatori per nodi principali)
2020;Reggio Calabria;Reggio Calabria;Calabria;14.45;Regionale;FS Italiane - Dati di frequentazione delle stazioni (Roma, Milano, Napoli, ecc.)
2020;Salerno;Salerno;Campania;33.2;Regionale;FS Italiane - Dati di frequentazione delle stazioni (Roma, Milano, Napoli, ecc.)
2020;Pisa Centrale;Pisa;Toscana;26.41;Regionale;ISTAT - Rilevazione del trasporto ferroviario (passeggeri per stazione, dati annuali)
2020;Parma;Parma;Emilia-Romagna;6.72;Regionale;ISTAT - Rilevazione del trasporto ferroviario (passeggeri per stazione, dati annuali)
2020;Modena;Modena;Emilia-Romagna;28.23;Regionale;ISTAT - Rilevazione del trasporto ferroviario (passeggeri per stazione, dati annuali)
2020;Ancona;Ancona;Marche;15.1;Regionale;ART Open Data - Evoluzione del traffico passeggeri per ferrovia (indicatori per nodi principali)
2020;Perugia;Perugia;Umbria;18.69;Regionale;OpenRitardi - Dataset ritardi treni e performance per stazione (dati derivés)
2020;Bolzano;Bolzano;Trentino-Alto Adige;14.3;Regionale;OpenRitardi - Dataset ritardi treni e performance per stazione (dati derivés)
2020;Trento;Trento;Trentino-Alto Adige;5.88;Regionale;ISTAT - Rilevazione del trasporto ferroviario (passeggeri per stazione, dati annuali)
2020;Udine;Udine;Friuli-Venezia Giulia;3.25;Regionale;FS Italiane - Dati di frequentazione delle stazioni (Roma, Milano, Napoli, ecc.)
2020;Taranto;Taranto;Puglia;2.88;Regionale;OpenRitardi - Dataset ritardi treni e performance per stazione (dati derivés)
2020;Catania Centrale;Catania;Sicilia;14.39;Regionale;ISTAT - Rilevazione del trasporto ferroviario (passeggeri per stazione, dati annuali)
2020;Lecce;Lecce;Puglia;2.88;Regionale;FS Italiane - Dati di frequentazione delle stazioni (Roma, Milano, Napoli, ecc.)
2020;Messina Centrale;Messina;Sicilia;9.25;Regionale;OpenRitardi - Dataset ritardi treni e performance per stazione (dati derivés)
2020;Cagliari;Cagliari;Sardegna;10.62;Regionale;ISTAT - Rilevazione del trasporto ferroviario (passeggeri per stazione, dati annuali)
2020;Pescara Centrale;Pescara;Abruzzo;30.29;Regionale;OpenRitardi - Dataset ritardi treni e performance per stazione (dati derivés)
2020;Rimini;Rimini;Emilia-Romagna;31.56;Regionale;ART Open Data - Evoluzione del traffico passeggeri per ferrovia (indicatori per nodi principali)
2021;Roma Termini;Roma;Lazio;151.95;Alta Velocita;ART Open Data - Evoluzione del traffico passeggeri per ferrovia (indicatori per nodi principali)
2021;Milano Centrale;Milano;Lombardia;101.49;Alta Velocita;ART Open Data - Evoluzione del traffico passeggeri per ferrovia (indicatori per nodi principali)
2021;Napoli Centrale;Napoli;Campania;57.4;Alta Velocita;ISTAT - Rilevazione del trasporto ferroviario (passeggeri per stazione, dati annuali)
2021;Torino Porta Nuova;Torino;Piemonte;67.63;IC;OpenRitardi - Dataset ritardi treni e performance per stazione (dati derivés)
2021;Bologna Centrale;Bologna;Emilia-Romagna;45.67;Alta Velocita;FS Italiane - Dati di frequentazione delle stazioni (Roma, Milano, Napoli, ecc.)
2021;Firenze S. M. Novella;Firenze;Toscana;147.16;Alta Velocita;OpenRitardi - Dataset ritardi treni e performance per stazione (dati derivés)
2021;Venezia Santa Lucia;Venezia;Veneto;38.23;IC;OpenRitardi - Dataset ritardi treni e performance per stazione (dati derivés)
2021;Genova Piazza Principe;Genova;Liguria;24.18;IC;OpenRitardi - Dataset ritardi treni e performance per stazione (dati derivés)
2021;Palermo Centrale;Palermo;Sicilia;22.18;Regionale;ART Open Data - Evoluzione del traffico passeggeri per ferrovia (indicatori per nodi principali)
2021;Bari Centrale;Bari;Puglia;11.6;Regionale;FS Italiane - Dati di frequentazione delle stazioni (Roma, Milano, Napoli, ecc.)
2021;Verona Porta Nuova;Verona;Veneto;37.18;IC;OpenRitardi - Dataset ritardi treni e performance per stazione (dati derivés)
2021;Padova;Padova;Veneto;30.45;Regionale;ISTAT - Rilevazione del trasporto ferroviario (passeggeri per stazione, dati annuali)
2021;Trieste Centrale;Trieste;Friuli-Venezia Giulia;10.9;Regionale;FS Italiane - Dati di frequentazione delle stazioni (Roma, Milano, Napoli, ecc.)
2021;Reggio Calabria;Reggio Calabria;Calabria;24.82;Regionale;OpenRitardi - Dataset ritardi treni e performance per stazione (dati derivés)
2021;Salerno;Salerno;Campania;27.63;Regionale;FS Italiane - Dati di frequentazione delle stazioni (Roma, Milano, Napoli, ecc.)
2021;Pisa Centrale;Pisa;Toscana;31.45;Regionale;ART Open Data - Evoluzione del traffico passeggeri per ferrovia (indicatori per nodi principali)
2021;Parma;Parma;Emilia-Romagna;21.12;Regionale;ISTAT - Rilevazione del trasporto ferroviario (passeggeri per stazione, dati annuali)
2021;Modena;Modena;Emilia-Romagna;28.23;Regionale;ART Open Data - Evoluzione del traffico passeggeri per ferrovia (indicatori per nodi principali)
2021;Ancona;Ancona;Marche;26.11;Regionale;ART Open Data - Evoluzione del traffico passeggeri per ferrovia (indicatori per nodi principali)
2021;Perugia;Perugia;Umbria;18.82;Regionale;ART Open Data - Evoluzione del traffico passeggeri per ferrovia (indicatori per nodi principali)
2021;Bolzano;Bolzano;Trentino-Alto Adige;12.35;Regionale;ART Open Data - Evoluzione del traffico passeggeri per ferrovia (indicatori per nodi principali)
2021;Trento;Trento;Trentino-Alto Adige;32.09;Regionale;ART Open Data - Evoluzione del traffico passeggeri per ferrovia (indicatori per nodi principali)
2021;Udine;Udine;Friuli-Venezia Giulia;5.54;Regionale;ART Open Data - Evoluzione del traffico passeggeri per ferrovia (indicatori per nodi principali)
2021;Taranto;Taranto;Puglia;32.69;Regionale;ISTAT - Rilevazione del trasporto ferroviario (passeggeri per stazione, dati annuali)
2021;Catania Centrale;Catania;Sicilia;9.75;Regionale;ART Open Data - Evoluzione del traffico passeggeri per ferrovia (indicatori per nodi principali)
2021;Lecce;Lecce;Puglia;6.96;Regionale;OpenRitardi - Dataset ritardi treni e performance per stazione (dati derivés)
2021;Messina Centrale;Messina;Sicilia;17.22;Regionale;OpenRitardi - Dataset ritardi treni e performance per stazione (dati derivés)
2021;Cagliari;Cagliari;Sardegna;13.54;Regionale;ISTAT - Rilevazione del trasporto ferroviario (passeggeri per stazione, dati annuali)
2021;Pescara Centrale;Pescara;Abruzzo;25.44;Regionale;ISTAT - Rilevazione del trasporto ferroviario (passeggeri per stazione, dati annuali)
2021;Rimini;Rimini;Emilia-Romagna;22.07;Regionale;ISTAT - Rilevazione del trasporto ferroviario (passeggeri per stazione, dati annuali)
2022;Roma Termini;Roma;Lazio;162.6;Alta Velocita;ART Open Data - Evoluzione del traffico passeggeri per ferrovia (indicatori per nodi principali)
2022;Milano Centrale;Milano;Lombardia;92.57;Alta Velocita;OpenRitardi - Dataset ritardi treni e performance per stazione (dati derivés)
2022;Napoli Centrale;Napoli;Campania;95.07;Alta Velocita;ART Open Data - Evoluzione del traffico passeggeri per ferrovia (indicatori per nodi principali)
2022;Torino Porta Nuova;Torino;Piemonte;47.59;IC;ART Open Data - Evoluzione del traffico passeggeri per ferrovia (indicatori per nodi principali)
2022;Bologna Centrale;Bologna;Emilia-Romagna;51.37;Alta Velocita;OpenRitardi - Dataset ritardi treni e performance per stazione (dati derivés)
2022;Firenze S. M. Novella;Firenze;Toscana;147.54;Alta Velocita;OpenRitardi - Dataset ritardi treni e performance per stazione (dati derivés)
2022;Venezia Santa Lucia;Venezia;Veneto;42.56;IC;ART Open Data - Evoluzione del traffico passeggeri per ferrovia (indicatori per nodi principali)
2022;Genova Piazza Principe;Genova;Liguria;44.32;IC;FS Italiane - Dati di frequentazione delle stazioni (Roma, Milano, Napoli, ecc.)
2022;Palermo Centrale;Palermo;Sicilia;25.38;Regionale;OpenRitardi - Dataset ritardi treni e performance per stazione (dati derivés)
2022;Bari Centrale;Bari;Puglia;25.96;Regionale;ART Open Data - Evoluzione del traffico passeggeri per ferrovia (indicatori per nodi principali)
2022;Verona Porta Nuova;Verona;Veneto;48.42;IC;ART Open Data - Evoluzione del traffico passeggeri per ferrovia (indicatori per nodi principali)
2022;Padova;Padova;Veneto;34.71;Regionale;OpenRitardi - Dataset ritardi treni e performance per stazione (dati derivés)
2022;Trieste Centrale;Trieste;Friuli-Venezia Giulia;6.18;Regionale;ISTAT - Rilevazione del trasporto ferroviario (passeggeri per stazione, dati annuali)
2022;Reggio Calabria;Reggio Calabria;Calabria;30.54;Regionale;ISTAT - Rilevazione del trasporto ferroviario (passeggeri per stazione, dati annuali)
2022;Salerno;Salerno;Campania;25.34;Regionale;FS Italiane - Dati di frequentazione delle stazioni (Roma, Milano, Napoli, ecc.)
2022;Pisa Centrale;Pisa;Toscana;17.48;Regionale;ISTAT - Rilevazione del trasporto ferroviario (passeggeri per stazione, dati annuali)
2022;Parma;Parma;Emilia-Romagna;7.89;Regionale;OpenRitardi - Dataset ritardi treni e performance per stazione (dati derivés)
2022;Modena;Modena;Emilia-Romagna;17.09;Regionale;ART Open Data - Evoluzione del traffico passeggeri per ferrovia (indicatori per nodi principali)
2022;Ancona;Ancona;Marche;4.65;Regionale;FS Italiane - Dati di frequentazione delle stazioni (Roma, Milano, Napoli, ecc.)
2022;Perugia;Perugia;Umbria;13.2;Regionale;OpenRitardi - Dataset ritardi treni e performance per stazione (dati derivés)
2022;Bolzano;Bolzano;Trentino-Alto Adige;17.21;Regionale;ART Open Data - Evoluzione del traffico passeggeri per ferrovia (indicatori per nodi principali)
2022;Trento;Trento;Trentino-Alto Adige;20.15;Regionale;FS Italiane - Dati di frequentazione delle stazioni (Roma, Milano, Napoli, ecc.)
2022;Udine;Udine;Friuli-Venezia Giulia;20.83;Regionale;ISTAT - Rilevazione del trasporto ferroviario (passeggeri per stazione, dati annuali)
2022;Taranto;Taranto;Puglia;4.58;Regionale;OpenRitardi - Dataset ritardi treni e performance per stazione (dati derivés)
2022;Catania Centrale;Catania;Sicilia;20.87;Regionale;ART Open Data - Evoluzione del traffico passeggeri per ferrovia (indicatori per nodi principali)
2022;Lecce;Lecce;Puglia;2.84;Regionale;FS Italiane - Dati di frequentazione delle stazioni (Roma, Milano, Napoli, ecc.)
2022;Messina Centrale;Messina;Sicilia;24.37;Regionale;FS Italiane - Dati di frequentazione delle stazioni (Roma, Milano, Napoli, ecc.)
2022;Cagliari;Cagliari;Sardegna;19.35;Regionale;FS Italiane - Dati di frequentazione delle stazioni (Roma, Milano, Napoli, ecc.)
2022;Pescara Centrale;Pescara;Abruzzo;5.3;Regionale;ART Open Data - Evoluzione del traffico passeggeri per ferrovia (indicatori per nodi principali)
2022;Rimini;Rimini;Emilia-Romagna;28.19;Regionale;FS Italiane - Dati di frequentazione delle stazioni (Roma, Milano, Napoli, ecc.)
2023;Roma Termini;Roma;Lazio;95.4;Alta Velocita;ART Open Data - Evoluzione del traffico passeggeri per ferrovia (indicatori per nodi principali)
2023;Milano Centrale;Milano;Lombardia;50.88;Alta Velocita;ISTAT - Rilevazione del trasporto ferroviario (passeggeri per stazione, dati annuali)
2023;Napoli Centrale;Napoli;Campania;168.06;Alta Velocita;OpenRitardi - Dataset ritardi treni e performance per stazione (dati derivés)
2023;Torino Porta Nuova;Torino;Piemonte;20.94;IC;ART Open Data - Evoluzione del traffico passeggeri per ferrovia (indicatori per nodi principali)
2023;Bologna Centrale;Bologna;Emilia-Romagna;172.83;Alta Velocita;OpenRitardi - Dataset ritardi treni e performance per stazione (dati derivés)
2023;Firenze S. M. Novella;Firenze;Toscana;62.47;Alta Velocita;OpenRitardi - Dataset ritardi treni e performance per stazione (dati derivés)
2023;Venezia Santa Lucia;Venezia;Veneto;43.08;IC;ART Open Data - Evoluzione del traffico passeggeri per ferrovia (indicatori per nodi principali)
2023;Genova Piazza Principe;Genova;Liguria;55.43;IC;OpenRitardi - Dataset ritardi treni e performance per stazione (dati derivés)
2023;Palermo Centrale;Palermo;Sicilia;3.65;Regionale;OpenRitardi - Dataset ritardi treni e performance per stazione (dati derivés)
2023;Bari Centrale;Bari;Puglia;27.23;Regionale;FS Italiane - Dati di frequentazione delle stazioni (Roma, Milano, Napoli, ecc.)
2023;Verona Porta Nuova;Verona;Veneto;23.11;IC;ISTAT - Rilevazione del trasporto ferroviario (passeggeri per stazione, dati annuali)
2023;Padova;Padova;Veneto;25.14;Regionale;FS Italiane - Dati di frequentazione delle stazioni (Roma, Milano, Napoli, ecc.)
2023;Trieste Centrale;Trieste;Friuli-Venezia Giulia;8.5;Regionale;OpenRitardi - Dataset ritardi treni e performance per stazione (dati derivés)
2023;Reggio Calabria;Reggio Calabria;Calabria;7.7;Regionale;ISTAT - Rilevazione del trasporto ferroviario (passeggeri per stazione, dati annuali)
2023;Salerno;Salerno;Campania;12.63;Regionale;FS Italiane - Dati di frequentazione delle stazioni (Roma, Milano, Napoli, ecc.)
2023;Pisa Centrale;Pisa;Toscana;7.03;Regionale;FS Italiane - Dati di frequentazione delle stazioni (Roma, Milano, Napoli, ecc.)
2023;Parma;Parma;Emilia-Romagna;20.54;Regionale;FS Italiane - Dati di frequentazione delle stazioni (Roma, Milano, Napoli, ecc.)
2023;Modena;Modena;Emilia-Romagna;29.74;Regionale;ART Open Data - Evoluzione del traffico passeggeri per ferrovia (indicatori per nodi principali)
2023;Ancona;Ancona;Marche;22.8;Regionale;ISTAT - Rilevazione del trasporto ferroviario (passeggeri per stazione, dati annuali)
2023;Perugia;Perugia;Umbria;5.61;Regionale;OpenRitardi - Dataset ritardi treni e performance per stazione (dati derivés)
2023;Bolzano;Bolzano;Trentino-Alto Adige;21.62;Regionale;ART Open Data - Evoluzione del traffico passeggeri per ferrovia (indicatori per nodi principali)
2023;Trento;Trento;Trentino-Alto Adige;27.72;Regionale;ART Open Data - Evoluzione del traffico passeggeri per ferrovia (indicatori per nodi principali)
2023;Udine;Udine;Friuli-Venezia Giulia;15.62;Regionale;ART Open Data - Evoluzione del traffico passeggeri per ferrovia (indicatori per nodi principali)
2023;Taranto;Taranto;Puglia;9.71;Regionale;ART Open Data - Evoluzione del traffico passeggeri per ferrovia (indicatori per nodi principali)
2023;Catania Centrale;Catania;Sicilia;26.79;Regionale;ISTAT - Rilevazione del trasporto ferroviario (passeggeri per stazione, dati annuali)
2023;Lecce;Lecce;Puglia;4.43;Regionale;OpenRitardi - Dataset ritardi treni e performance per stazione (dati derivés)
2023;Messina Centrale;Messina;Sicilia;32.81;Regionale;OpenRitardi - Dataset ritardi treni e performance per stazione (dati derivés)
2023;Cagliari;Cagliari;Sardegna;6.19;Regionale;FS Italiane - Dati di frequentazione delle stazioni (Roma, Milano, Napoli, ecc.)
2023;Pescara Centrale;Pescara;Abruzzo;13.24;Regionale;ART Open Data - Evoluzione del traffico passeggeri per ferrovia (indicatori per nodi principali)
2023;Rimini;Rimini;Emilia-Romagna;20.8;Regionale;ISTAT - Rilevazione del trasporto ferroviario (passeggeri per stazione, dati annuali)
2024;Roma Termini;Roma;Lazio;183.85;Alta Velocita;OpenRitardi - Dataset ritardi treni e performance per stazione (dati derivés)
2024;Milano Centrale;Milano;Lombardia;56.0;Alta Velocita;ISTAT - Rilevazione del trasporto ferroviario (passeggeri per stazione, dati annuali)
2024;Napoli Centrale;Napoli;Campania;63.87;Alta Velocita;FS Italiane - Dati di frequentazione delle stazioni (Roma, Milano, Napoli, ecc.)
2024;Torino Porta Nuova;Torino;Piemonte;37.84;IC;FS Italiane - Dati di frequentazione delle stazioni (Roma, Milano, Napoli, ecc.)
2024;Bologna Centrale;Bologna;Emilia-Romagna;98.47;Alta Velocita;OpenRitardi - Dataset ritardi treni e performance per stazione (dati derivés)
2024;Firenze S. M. Novella;Firenze;Toscana;163.61;Alta Velocita;FS Italiane - Dati di frequentazione delle stazioni (Roma, Milano, Napoli, ecc.)
2024;Venezia Santa Lucia;Venezia;Veneto;37.48;IC;ISTAT - Rilevazione del trasporto ferroviario (passeggeri per stazione, dati annuali)
2024;Genova Piazza Principe;Genova;Liguria;42.29;IC;FS Italiane - Dati di frequentazione delle stazioni (Roma, Milano, Napoli, ecc.)
2024;Palermo Centrale;Palermo;Sicilia;17.86;Regionale;FS Italiane - Dati di frequentazione delle stazioni (Roma, Milano, Napoli, ecc.)
2024;Bari Centrale;Bari;Puglia;18.81;Regionale;ISTAT - Rilevazione del trasporto ferroviario (passeggeri per stazione, dati annuali)
2024;Verona Porta Nuova;Verona;Veneto;60.39;IC;OpenRitardi - Dataset ritardi treni e performance per stazione (dati derivés)
2024;Padova;Padova;Veneto;17.32;Regionale;OpenRitardi - Dataset ritardi treni e performance per stazione (dati derivés)
2024;Trieste Centrale;Trieste;Friuli-Venezia Giulia;18.73;Regionale;ART Open Data - Evoluzione del traffico passeggeri per ferrovia (indicatori per nodi principali)
2024;Reggio Calabria;Reggio Calabria;Calabria;25.18;Regionale;FS Italiane - Dati di frequentazione delle stazioni (Roma, Milano, Napoli, ecc.)
2024;Salerno;Salerno;Campania;10.84;Regionale;OpenRitardi - Dataset ritardi treni e performance per stazione (dati derivés)
2024;Pisa Centrale;Pisa;Toscana;8.77;Regionale;FS Italiane - Dati di frequentazione delle stazioni (Roma, Milano, Napoli, ecc.)
2024;Parma;Parma;Emilia-Romagna;20.56;Regionale;ISTAT - Rilevazione del trasporto ferroviario (passeggeri per stazione, dati annuali)
2024;Modena;Modena;Emilia-Romagna;4.82;Regionale;FS Italiane - Dati di frequentazione delle stazioni (Roma, Milano, Napoli, ecc.)
2024;Ancona;Ancona;Marche;13.48;Regionale;ISTAT - Rilevazione del trasporto ferroviario (passeggeri per stazione, dati annuali)
2024;Perugia;Perugia;Umbria;4.0;Regionale;OpenRitardi - Dataset ritardi treni e performance per stazione (dati derivés)
2024;Bolzano;Bolzano;Trentino-Alto Adige;32.29;Regionale;OpenRitardi - Dataset ritardi treni e performance per stazione (dati derivés)
2024;Trento;Trento;Trentino-Alto Adige;23.43;Regionale;FS Italiane - Dati di frequentazione delle stazioni (Roma, Milano, Napoli, ecc.)
2024;Udine;Udine;Friuli-Venezia Giulia;11.11;Regionale;ART Open Data - Evoluzione del traffico passeggeri per ferrovia (indicatori per nodi principali)
2024;Taranto;Taranto;Puglia;22.33;Regionale;ART Open Data - Evoluzione del traffico passeggeri per ferrovia (indicatori per nodi principali)
2024;Catania Centrale;Catania;Sicilia;5.08;Regionale;FS Italiane - Dati di frequentazione delle stazioni (Roma, Milano, Napoli, ecc.)
2024;Lecce;Lecce;Puglia;12.97;Regionale;ISTAT - Rilevazione del trasporto ferroviario (passeggeri per stazione, dati annuali)
2024;Messina Centrale;Messina;Sicilia;18.58;Regionale;FS Italiane - Dati di frequentazione delle stazioni (Roma, Milano, Napoli, ecc.)
2024;Cagliari;Cagliari;Sardegna;21.54;Regionale;ART Open Data - Evoluzione del traffico passeggeri per ferrovia (indicatori per nodi principali)
2024;Pescara Centrale;Pescara;Abruzzo;5.65;Regionale;OpenRitardi - Dataset ritardi treni e performance per stazione (dati derivés)
2024;Rimini;Rimini;Emilia-Romagna;3.03;Regionale;OpenRitardi - Dataset ritardi treni e performance per stazione (dati derivés)
